#"Step","Time (ps)","Potential Energy (kJ/mole)","Temperature (K)","Speed (ns/day)"
1250,4.9999999999998925,-213673.98095703125,300.92080207382315,0
2500,9.999999999999343,-215567.16796875,299.88632796520665,21.7
3750,14.999999999998792,-215516.35888671875,299.4310655579496,21.3
5000,20.000000000000018,-216742.71240234375,304.6382200696023,21.2
