{
    "confidence_score": 0.6867430806159973,
    "ptm": 0.4805997610092163,
    "iptm": 0.365725040435791,
    "ligand_iptm": 0.0,
    "protein_iptm": 0.365725040435791,
    "complex_plddt": 0.7669975757598877,
    "complex_iplddt": 0.7240524888038635,
    "complex_pde": 1.5810093879699707,
    "complex_ipde": 14.765497207641602,
    "chains_ptm": {
        "0": 0.6733601093292236,
        "1": 0.8706786632537842,
        "2": 0.8721668124198914,
        "3": 0.862147331237793
    },
    "pair_chains_iptm": {
        "0": {
            "0": 0.6733601093292236,
            "1": 0.3561538755893707,
            "2": 0.35104864835739136,
            "3": 0.3070621192455292
        },
        "1": {
            "0": 0.4320451319217682,
            "1": 0.8706786632537842,
            "2": 0.33071744441986084,
            "3": 0.4036186933517456
        },
        "2": {
            "0": 0.39059504866600037,
            "1": 0.33206480741500854,
            "2": 0.8721668124198914,
            "3": 0.44014257192611694
        },
        "3": {
            "0": 0.3223792314529419,
            "1": 0.42250970005989075,
            "2": 0.43230944871902466,
            "3": 0.862147331237793
        }
    }
}