{
    "confidence_score": 0.682902455329895,
    "ptm": 0.5248845815658569,
    "iptm": 0.43371033668518066,
    "ligand_iptm": 0.0,
    "protein_iptm": 0.43371033668518066,
    "complex_plddt": 0.7452004551887512,
    "complex_iplddt": 0.6789883375167847,
    "complex_pde": 1.4246728420257568,
    "complex_ipde": 13.392536163330078,
    "chains_ptm": {
        "0": 0.6663910150527954,
        "1": 0.9034264087677002,
        "2": 0.9059756398200989,
        "3": 0.8982230424880981
    },
    "pair_chains_iptm": {
        "0": {
            "0": 0.6663910150527954,
            "1": 0.34182506799697876,
            "2": 0.4083435833454132,
            "3": 0.4042431712150574
        },
        "1": {
            "0": 0.3714286983013153,
            "1": 0.9034264087677002,
            "2": 0.5592014193534851,
            "3": 0.6098833084106445
        },
        "2": {
            "0": 0.48790374398231506,
            "1": 0.6188235282897949,
            "2": 0.9059756398200989,
            "3": 0.4145194888114929
        },
        "3": {
            "0": 0.5199445486068726,
            "1": 0.5452611446380615,
            "2": 0.40822187066078186,
            "3": 0.8982230424880981
        }
    }
}