{
    "confidence_score": 0.6752201318740845,
    "ptm": 0.5371294021606445,
    "iptm": 0.4530811905860901,
    "ligand_iptm": 0.0,
    "protein_iptm": 0.4530811905860901,
    "complex_plddt": 0.7307548522949219,
    "complex_iplddt": 0.6800031065940857,
    "complex_pde": 1.2907987833023071,
    "complex_ipde": 12.556395530700684,
    "chains_ptm": {
        "0": 0.6159009337425232,
        "1": 0.8975793123245239,
        "2": 0.9087800979614258,
        "3": 0.902193009853363
    },
    "pair_chains_iptm": {
        "0": {
            "0": 0.6159009337425232,
            "1": 0.4588589370250702,
            "2": 0.42343869805336,
            "3": 0.415397047996521
        },
        "1": {
            "0": 0.5328453779220581,
            "1": 0.8975793123245239,
            "2": 0.4012044370174408,
            "3": 0.39495009183883667
        },
        "2": {
            "0": 0.5164087414741516,
            "1": 0.3958888351917267,
            "2": 0.9087800979614258,
            "3": 0.6587194204330444
        },
        "3": {
            "0": 0.5471038222312927,
            "1": 0.40663978457450867,
            "2": 0.5829262733459473,
            "3": 0.902193009853363
        }
    }
}