{
    "confidence_score": 0.6806879043579102,
    "ptm": 0.4917285144329071,
    "iptm": 0.3958273231983185,
    "ligand_iptm": 0.0,
    "protein_iptm": 0.3958273231983185,
    "complex_plddt": 0.7519030570983887,
    "complex_iplddt": 0.6965563297271729,
    "complex_pde": 1.4662712812423706,
    "complex_ipde": 13.986929893493652,
    "chains_ptm": {
        "0": 0.6440151929855347,
        "1": 0.8839064240455627,
        "2": 0.8884161710739136,
        "3": 0.8816778063774109
    },
    "pair_chains_iptm": {
        "0": {
            "0": 0.6440151929855347,
            "1": 0.36387190222740173,
            "2": 0.383137971162796,
            "3": 0.3121115565299988
        },
        "1": {
            "0": 0.47248372435569763,
            "1": 0.8839064240455627,
            "2": 0.3592868447303772,
            "3": 0.4726652503013611
        },
        "2": {
            "0": 0.45589354634284973,
            "1": 0.3656756579875946,
            "2": 0.8884161710739136,
            "3": 0.5988214015960693
        },
        "3": {
            "0": 0.34500259160995483,
            "1": 0.5419479608535767,
            "2": 0.5331317782402039,
            "3": 0.8816778063774109
        }
    }
}