{
    "confidence_score": 0.6856845021247864,
    "ptm": 0.5480851531028748,
    "iptm": 0.46432238817214966,
    "ligand_iptm": 0.0,
    "protein_iptm": 0.46432238817214966,
    "complex_plddt": 0.7410250306129456,
    "complex_iplddt": 0.6931840181350708,
    "complex_pde": 1.328072428703308,
    "complex_ipde": 12.467633247375488,
    "chains_ptm": {
        "0": 0.714170515537262,
        "1": 0.8958894610404968,
        "2": 0.8978312015533447,
        "3": 0.8920571208000183
    },
    "pair_chains_iptm": {
        "0": {
            "0": 0.714170515537262,
            "1": 0.44302043318748474,
            "2": 0.4539000689983368,
            "3": 0.37688663601875305
        },
        "1": {
            "0": 0.5538748502731323,
            "1": 0.8958894610404968,
            "2": 0.4308990240097046,
            "3": 0.5543065071105957
        },
        "2": {
            "0": 0.5277425050735474,
            "1": 0.430921345949173,
            "2": 0.8978312015533447,
            "3": 0.6463809609413147
        },
        "3": {
            "0": 0.40790632367134094,
            "1": 0.6128379702568054,
            "2": 0.5944313406944275,
            "3": 0.8920571208000183
        }
    }
}