{
    "confidence_score": 0.6829625964164734,
    "ptm": 0.5553151965141296,
    "iptm": 0.47291311621665955,
    "ligand_iptm": 0.0,
    "protein_iptm": 0.47291311621665955,
    "complex_plddt": 0.7354750037193298,
    "complex_iplddt": 0.6851651668548584,
    "complex_pde": 1.3274389505386353,
    "complex_ipde": 12.477394104003906,
    "chains_ptm": {
        "0": 0.7126750946044922,
        "1": 0.8995751142501831,
        "2": 0.903529167175293,
        "3": 0.8996420502662659
    },
    "pair_chains_iptm": {
        "0": {
            "0": 0.7126750946044922,
            "1": 0.458146333694458,
            "2": 0.4346563220024109,
            "3": 0.38300150632858276
        },
        "1": {
            "0": 0.5349993705749512,
            "1": 0.8995751142501831,
            "2": 0.4386513829231262,
            "3": 0.6242719888687134
        },
        "2": {
            "0": 0.5395282506942749,
            "1": 0.44364598393440247,
            "2": 0.903529167175293,
            "3": 0.6158692836761475
        },
        "3": {
            "0": 0.41086119413375854,
            "1": 0.5855115056037903,
            "2": 0.6701138019561768,
            "3": 0.8996420502662659
        }
    }
}