{
    "confidence_score": 0.7145125865936279,
    "ptm": 0.5691060423851013,
    "iptm": 0.4902763366699219,
    "ligand_iptm": 0.0,
    "protein_iptm": 0.4902763366699219,
    "complex_plddt": 0.7705716490745544,
    "complex_iplddt": 0.7186978459358215,
    "complex_pde": 1.1933988332748413,
    "complex_ipde": 11.514946937561035,
    "chains_ptm": {
        "0": 0.890014111995697,
        "1": 0.8897706866264343,
        "2": 0.8876296877861023,
        "3": 0.8863206505775452,
        "4": 0.8852178454399109
    },
    "pair_chains_iptm": {
        "0": {
            "0": 0.890014111995697,
            "1": 0.6393727660179138,
            "2": 0.438219279050827,
            "3": 0.4193391501903534,
            "4": 0.5303480625152588
        },
        "1": {
            "0": 0.6165019869804382,
            "1": 0.8897706866264343,
            "2": 0.6166877150535583,
            "3": 0.4299914836883545,
            "4": 0.42684707045555115
        },
        "2": {
            "0": 0.44997280836105347,
            "1": 0.5812815427780151,
            "2": 0.8876296877861023,
            "3": 0.6358175873756409,
            "4": 0.4371825158596039
        },
        "3": {
            "0": 0.4158446490764618,
            "1": 0.4386688470840454,
            "2": 0.5880351066589355,
            "3": 0.8863206505775452,
            "4": 0.6461588740348816
        },
        "4": {
            "0": 0.569254457950592,
            "1": 0.4100816547870636,
            "2": 0.4424639642238617,
            "3": 0.5909910202026367,
            "4": 0.8852178454399109
        }
    }
}