{
    "confidence_score": 0.7091636061668396,
    "ptm": 0.55416339635849,
    "iptm": 0.47253674268722534,
    "ligand_iptm": 0.0,
    "protein_iptm": 0.47253674268722534,
    "complex_plddt": 0.7683203220367432,
    "complex_iplddt": 0.7166032791137695,
    "complex_pde": 1.2591986656188965,
    "complex_ipde": 12.381234169006348,
    "chains_ptm": {
        "0": 0.8847556710243225,
        "1": 0.8864069581031799,
        "2": 0.8857550621032715,
        "3": 0.8810341954231262,
        "4": 0.8798309564590454
    },
    "pair_chains_iptm": {
        "0": {
            "0": 0.8847556710243225,
            "1": 0.5979228019714355,
            "2": 0.4368768632411957,
            "3": 0.534368634223938,
            "4": 0.3861183226108551
        },
        "1": {
            "0": 0.6323063969612122,
            "1": 0.8864069581031799,
            "2": 0.5804318785667419,
            "3": 0.40158209204673767,
            "4": 0.40295639634132385
        },
        "2": {
            "0": 0.4228663742542267,
            "1": 0.6125105023384094,
            "2": 0.8857550621032715,
            "3": 0.3934727907180786,
            "4": 0.5119674801826477
        },
        "3": {
            "0": 0.5077494382858276,
            "1": 0.40016570687294006,
            "2": 0.39298081398010254,
            "3": 0.8810341954231262,
            "4": 0.6302116513252258
        },
        "4": {
            "0": 0.4033688008785248,
            "1": 0.390730619430542,
            "2": 0.5468745827674866,
            "3": 0.5896792411804199,
            "4": 0.8798309564590454
        }
    }
}