{
  "native_ring_s1": {
    "confidence_score": 0.7060770392417908,
    "ptm": 0.5899017453193665,
    "iptm": 0.5108051300048828,
    "ligand_iptm": 0.0,
    "protein_iptm": 0.5108051300048828,
    "complex_plddt": 0.7548949718475342,
    "complex_iplddt": 0.7073503136634827,
    "complex_pde": 1.1364104747772217,
    "complex_ipde": 11.369970321655273,
    "chains_ptm": {
      "0": 0.9130979776382446,
      "1": 0.91372150182724,
      "2": 0.9135804772377014,
      "3": 0.913207471370697,
      "4": 0.9088675379753113
    },
    "pair_chains_iptm": {
      "0": {
        "0": 0.9130979776382446,
        "1": 0.6572228670120239,
        "2": 0.4644767940044403,
        "3": 0.43123966455459595,
        "4": 0.5304930210113525
      },
      "1": {
        "0": 0.6233950853347778,
        "1": 0.91372150182724,
        "2": 0.6388543844223022,
        "3": 0.45704635977745056,
        "4": 0.435528963804245
      },
      "2": {
        "0": 0.46572500467300415,
        "1": 0.5985627770423889,
        "2": 0.9135804772377014,
        "3": 0.6554416418075562,
        "4": 0.46147987246513367
      },
      "3": {
        "0": 0.43716496229171753,
        "1": 0.45947250723838806,
        "2": 0.5974231362342834,
        "3": 0.913207471370697,
        "4": 0.6776780486106873
      },
      "4": {
        "0": 0.5767551064491272,
        "1": 0.4232425093650818,
        "2": 0.4604620039463043,
        "3": 0.6051950454711914,
        "4": 0.9088675379753113
      }
    }
  },
  "native_ring_s2": {
    "confidence_score": 0.7145125865936279,
    "ptm": 0.5691060423851013,
    "iptm": 0.4902763366699219,
    "ligand_iptm": 0.0,
    "protein_iptm": 0.4902763366699219,
    "complex_plddt": 0.7705716490745544,
    "complex_iplddt": 0.7186978459358215,
    "complex_pde": 1.1933988332748413,
    "complex_ipde": 11.514946937561035,
    "chains_ptm": {
      "0": 0.890014111995697,
      "1": 0.8897706866264343,
      "2": 0.8876296877861023,
      "3": 0.8863206505775452,
      "4": 0.8852178454399109
    },
    "pair_chains_iptm": {
      "0": {
        "0": 0.890014111995697,
        "1": 0.6393727660179138,
        "2": 0.438219279050827,
        "3": 0.4193391501903534,
        "4": 0.5303480625152588
      },
      "1": {
        "0": 0.6165019869804382,
        "1": 0.8897706866264343,
        "2": 0.6166877150535583,
        "3": 0.4299914836883545,
        "4": 0.42684707045555115
      },
      "2": {
        "0": 0.44997280836105347,
        "1": 0.5812815427780151,
        "2": 0.8876296877861023,
        "3": 0.6358175873756409,
        "4": 0.4371825158596039
      },
      "3": {
        "0": 0.4158446490764618,
        "1": 0.4386688470840454,
        "2": 0.5880351066589355,
        "3": 0.8863206505775452,
        "4": 0.6461588740348816
      },
      "4": {
        "0": 0.569254457950592,
        "1": 0.4100816547870636,
        "2": 0.4424639642238617,
        "3": 0.5909910202026367,
        "4": 0.8852178454399109
      }
    }
  },
  "native_ring_s3": {
    "confidence_score": 0.7091636061668396,
    "ptm": 0.55416339635849,
    "iptm": 0.47253674268722534,
    "ligand_iptm": 0.0,
    "protein_iptm": 0.47253674268722534,
    "complex_plddt": 0.7683203220367432,
    "complex_iplddt": 0.7166032791137695,
    "complex_pde": 1.2591986656188965,
    "complex_ipde": 12.381234169006348,
    "chains_ptm": {
      "0": 0.8847556710243225,
      "1": 0.8864069581031799,
      "2": 0.8857550621032715,
      "3": 0.8810341954231262,
      "4": 0.8798309564590454
    },
    "pair_chains_iptm": {
      "0": {
        "0": 0.8847556710243225,
        "1": 0.5979228019714355,
        "2": 0.4368768632411957,
        "3": 0.534368634223938,
        "4": 0.3861183226108551
      },
      "1": {
        "0": 0.6323063969612122,
        "1": 0.8864069581031799,
        "2": 0.5804318785667419,
        "3": 0.40158209204673767,
        "4": 0.40295639634132385
      },
      "2": {
        "0": 0.4228663742542267,
        "1": 0.6125105023384094,
        "2": 0.8857550621032715,
        "3": 0.3934727907180786,
        "4": 0.5119674801826477
      },
      "3": {
        "0": 0.5077494382858276,
        "1": 0.40016570687294006,
        "2": 0.39298081398010254,
        "3": 0.8810341954231262,
        "4": 0.6302116513252258
      },
      "4": {
        "0": 0.4033688008785248,
        "1": 0.390730619430542,
        "2": 0.5468745827674866,
        "3": 0.5896792411804199,
        "4": 0.8798309564590454
      }
    }
  },
  "B1_L32_in_ring_s1": {
    "confidence_score": 0.6867430806159973,
    "ptm": 0.4805997610092163,
    "iptm": 0.365725040435791,
    "ligand_iptm": 0.0,
    "protein_iptm": 0.365725040435791,
    "complex_plddt": 0.7669975757598877,
    "complex_iplddt": 0.7240524888038635,
    "complex_pde": 1.5810093879699707,
    "complex_ipde": 14.765497207641602,
    "chains_ptm": {
      "0": 0.6733601093292236,
      "1": 0.8706786632537842,
      "2": 0.8721668124198914,
      "3": 0.862147331237793
    },
    "pair_chains_iptm": {
      "0": {
        "0": 0.6733601093292236,
        "1": 0.3561538755893707,
        "2": 0.35104864835739136,
        "3": 0.3070621192455292
      },
      "1": {
        "0": 0.4320451319217682,
        "1": 0.8706786632537842,
        "2": 0.33071744441986084,
        "3": 0.4036186933517456
      },
      "2": {
        "0": 0.39059504866600037,
        "1": 0.33206480741500854,
        "2": 0.8721668124198914,
        "3": 0.44014257192611694
      },
      "3": {
        "0": 0.3223792314529419,
        "1": 0.42250970005989075,
        "2": 0.43230944871902466,
        "3": 0.862147331237793
      }
    }
  },
  "B1_L32_in_ring_s2": {
    "confidence_score": 0.6752201318740845,
    "ptm": 0.5371294021606445,
    "iptm": 0.4530811905860901,
    "ligand_iptm": 0.0,
    "protein_iptm": 0.4530811905860901,
    "complex_plddt": 0.7307548522949219,
    "complex_iplddt": 0.6800031065940857,
    "complex_pde": 1.2907987833023071,
    "complex_ipde": 12.556395530700684,
    "chains_ptm": {
      "0": 0.6159009337425232,
      "1": 0.8975793123245239,
      "2": 0.9087800979614258,
      "3": 0.902193009853363
    },
    "pair_chains_iptm": {
      "0": {
        "0": 0.6159009337425232,
        "1": 0.4588589370250702,
        "2": 0.42343869805336,
        "3": 0.415397047996521
      },
      "1": {
        "0": 0.5328453779220581,
        "1": 0.8975793123245239,
        "2": 0.4012044370174408,
        "3": 0.39495009183883667
      },
      "2": {
        "0": 0.5164087414741516,
        "1": 0.3958888351917267,
        "2": 0.9087800979614258,
        "3": 0.6587194204330444
      },
      "3": {
        "0": 0.5471038222312927,
        "1": 0.40663978457450867,
        "2": 0.5829262733459473,
        "3": 0.902193009853363
      }
    }
  },
  "B1_L32_in_ring_s3": {
    "confidence_score": 0.6806879043579102,
    "ptm": 0.4917285144329071,
    "iptm": 0.3958273231983185,
    "ligand_iptm": 0.0,
    "protein_iptm": 0.3958273231983185,
    "complex_plddt": 0.7519030570983887,
    "complex_iplddt": 0.6965563297271729,
    "complex_pde": 1.4662712812423706,
    "complex_ipde": 13.986929893493652,
    "chains_ptm": {
      "0": 0.6440151929855347,
      "1": 0.8839064240455627,
      "2": 0.8884161710739136,
      "3": 0.8816778063774109
    },
    "pair_chains_iptm": {
      "0": {
        "0": 0.6440151929855347,
        "1": 0.36387190222740173,
        "2": 0.383137971162796,
        "3": 0.3121115565299988
      },
      "1": {
        "0": 0.47248372435569763,
        "1": 0.8839064240455627,
        "2": 0.3592868447303772,
        "3": 0.4726652503013611
      },
      "2": {
        "0": 0.45589354634284973,
        "1": 0.3656756579875946,
        "2": 0.8884161710739136,
        "3": 0.5988214015960693
      },
      "3": {
        "0": 0.34500259160995483,
        "1": 0.5419479608535767,
        "2": 0.5331317782402039,
        "3": 0.8816778063774109
      }
    }
  },