{
  "A": {
    "system": "A",
    "n_frames": 150,
    "t_total_ns": 2.98,
    "ca_rmsd_final": 1.8325387239456177,
    "ca_rmsd_mean_last20pct": 1.8359379768371582,
    "iface_dist_t0": [
      4.381810188293457,
      5.600937843322754,
      6.138088226318359,
      4.311074256896973,
      3.9501404762268066
    ],
    "iface_dist_final": [
      3.2551159858703613,
      6.717243194580078,
      4.492753505706787,
      4.043237686157227,
      3.6706018447875977
    ],
    "iface_dist_mean_last20pct": [
      3.566666587193807,
      4.6917493422826135,
      4.862346665064494,
      4.0890200932820635,
      3.8167917172114056
    ],
    "n_engaged_t0": 5,
    "n_engaged_final": 5,
    "n_engaged_mean_last20pct": 5.0,
    "radius_CV_t0": 0.013404497876763344,
    "radius_CV_final": 0.004704055842012167,
    "radius_CV_mean_last20pct": 0.006355507920185725,
    "planarity_t0": 0.15539605915546417,
    "planarity_final": 0.13470326364040375,
    "rmsf_mean": 1.0063927173614502,
    "rmsf_max": 3.1938724517822266
  },
  "B": {
    "system": "B",
    "n_frames": 100,
    "t_total_ns": 1.98,
    "ca_rmsd_final": 4.087746620178223,
    "ca_rmsd_mean_last20pct": 4.133213520050049,
    "iface_dist_t0": [
      10.247978210449219,
      4.140108108520508,
      3.86377215385437,
      3.1717710494995117,
      24.143754959106445
    ],
    "iface_dist_final": [
      13.1390380859375,
      5.017189979553223,
      3.182527542114258,
      3.629114866256714,
      20.861797332763672
    ],
    "iface_dist_mean_last20pct": [
      13.957892751693725,
      4.288072180747986,
      3.2773091912269594,
      3.090608036518097,
      20.26550464630127
    ],
    "n_engaged_t0": 3,
    "n_engaged_final": 3,
    "n_engaged_mean_last20pct": 3.0,
    "radius_CV_t0": 0.03565787523984909,
    "radius_CV_final": 0.04554028436541557,
    "radius_CV_mean_last20pct": 0.052078255265951154,
    "planarity_t0": 1.7603468894958496,
    "planarity_final": 2.924806833267212,
    "rmsf_mean": 1.5243586301803589,
    "rmsf_max": 6.70078182220459
  },
  "C": {
    "system": "C",
    "n_frames": 50,
    "t_total_ns": 0.98,
    "ca_rmsd_final": 2.875427007675171,
    "ca_rmsd_mean_last20pct": 2.8104870319366455,
    "iface_dist_t0": [
      5.362050533294678,
      5.328800201416016,
      6.692147254943848,
      4.3889479637146,
      3.05112886428833
    ],
    "iface_dist_final": [
      2.7644619941711426,
      3.0262131690979004,
      6.088745594024658,
      6.079075813293457,
      6.665006160736084
    ],
    "iface_dist_mean_last20pct": [
      2.983927011489868,
      3.391274404525757,
      5.753093194961548,
      7.08691668510437,
      8.06433138847351
    ],
    "n_engaged_t0": 5,
    "n_engaged_final": 5,
    "n_engaged_mean_last20pct": 4.5,
    "radius_CV_t0": 0.021673034876585007,
    "radius_CV_final": 0.004734621848911047,
    "radius_CV_mean_last20pct": 0.00860732509754598,
    "planarity_t0": 0.2259063422679901,
    "planarity_final": 0.5313918590545654,
    "rmsf_mean": 1.130971908569336,
    "rmsf_max": 4.114775657653809
  }
}