system,donor,acceptor,R146_min_A,dG_bind,dE_MM,dG_solv,E_min_start,E_min_final,nres_A,nres_B,natom_cx,seconds
design,A1,A2,7.32,-198.48925999319636,-898.5982102344278,700.1089502412315,53302.10871036633,-29483.884515335012,342,342,10988,40.6
design,A2,A3,7.31,-215.2212210194939,-935.9229865197976,720.7017655003037,33654.88902158098,-29504.11983413071,342,342,10988,45.3
design,A3,A4,7.44,-188.98795227083792,-831.1763923066846,642.1884400358467,43247.553068438065,-29414.216481329557,342,342,10988,41.0
design,A4,A5,7.59,-185.7188394374034,-861.5198169566193,675.8009775192158,32027.72346548005,-29386.463183442567,342,342,10988,37.9
design,A5,A1,7.32,-172.80767199226284,-845.3202188926934,672.5125469004306,40431.35907562058,-29414.21799732778,342,342,10988,41.1
