system,donor,acceptor,R146_min_A,dG_bind,dE_MM,dG_solv,E_min_start,E_min_final,nres_A,nres_B,natom_cx,seconds
native,A,B,6.57,-170.89449466396763,-460.4307246424414,289.5362299784738,3539744.9215002838,-29587.458956979157,332,332,10928,33.7
native,B,C,6.62,-178.06536608948772,-490.5004267853801,312.4350606958924,19580599.138000254,-29556.164023170677,332,332,10928,42.2
native,C,D,6.53,-178.5716144858543,-480.6389858943021,302.0673714084478,4963891.724869651,-29630.566670539425,332,332,10928,56.1
native,D,E,6.64,-182.6666909780306,-537.6824592997364,355.01576832170576,91453047.74729991,-29608.34697463877,332,332,10928,38.6
native,E,A,6.69,-161.42132853285148,-456.154556934247,294.73322840139554,16950171.53336215,-29579.855713354416,332,332,10928,47.9
