{
  "tread_mean_A": [
    -2.2255778312683105,
    -1.2388510704040527,
    0.02795100212097168,
    1.2825414339701335,
    2.1539432605107627
  ],
  "tread_sd_A": [
    0.09484866404116714,
    0.08979128263302262,
    0.07385075971028843,
    0.07750254541320033,
    0.03647297453298117
  ],
  "coupling_fwd_min": 3.6666666666666665,
  "W_fwd_mean": 28.058218868220305,
  "W_fwd_sd": 6.092363963029999,
  "dna_net_fwd_A": 0.3569719269871712,
  "dna_net_fwd_sd": 1.426044070550762,
  "coupling_rev_min": 4.0,
  "W_rev_mean": 2.8957593844642666,
  "W_rev_sd": 1.835583565861696,
  "dna_net_rev_A": 0.34847726424535114,
  "dna_net_rev_sd": 0.7842015775630962,
  "plan_return": 0.08875314428026883
}