{
    "confidence_score": 0.7173041701316833,
    "ptm": 0.5389443635940552,
    "iptm": 0.0,
    "ligand_iptm": 0.0,
    "protein_iptm": 0.0,
    "complex_plddt": 0.7618941068649292,
    "complex_iplddt": 0.7618941068649292,
    "complex_pde": 1.1571699380874634,
    "complex_ipde": 0.0,
    "chains_ptm": {
        "0": 0.5389443635940552
    },
    "pair_chains_iptm": {
        "0": {
            "0": 0.5389443635940552
        }
    }
}