{
    "confidence_score": 0.6862744092941284,
    "ptm": 0.4769338369369507,
    "iptm": 0.36316171288490295,
    "ligand_iptm": 0.0,
    "protein_iptm": 0.36316171288490295,
    "complex_plddt": 0.7670525312423706,
    "complex_iplddt": 0.7211210131645203,
    "complex_pde": 1.5935090780258179,
    "complex_ipde": 14.900964736938477,
    "chains_ptm": {
        "0": 0.6677547097206116,
        "1": 0.8728102445602417,
        "2": 0.8720289468765259,
        "3": 0.8630867600440979
    },
    "pair_chains_iptm": {
        "0": {
            "0": 0.6677547097206116,
            "1": 0.3528318405151367,
            "2": 0.3447045385837555,
            "3": 0.3043240010738373
        },
        "1": {
            "0": 0.4292605221271515,
            "1": 0.8728102445602417,
            "2": 0.3275024890899658,
            "3": 0.4032065272331238
        },
        "2": {
            "0": 0.3837313950061798,
            "1": 0.32915812730789185,
            "2": 0.8720289468765259,
            "3": 0.4342465102672577
        },
        "3": {
            "0": 0.3198712468147278,
            "1": 0.4219062924385071,
            "2": 0.42658132314682007,
            "3": 0.8630867600440979
        }
    }
}