{
    "confidence_score": 0.6837501525878906,
    "ptm": 0.5589592456817627,
    "iptm": 0.47696030139923096,
    "ligand_iptm": 0.0,
    "protein_iptm": 0.47696030139923096,
    "complex_plddt": 0.7354475855827332,
    "complex_iplddt": 0.6854638457298279,
    "complex_pde": 1.3199659585952759,
    "complex_ipde": 12.384586334228516,
    "chains_ptm": {
        "0": 0.7132017016410828,
        "1": 0.8990200757980347,
        "2": 0.9034316539764404,
        "3": 0.9001624584197998
    },
    "pair_chains_iptm": {
        "0": {
            "0": 0.7132017016410828,
            "1": 0.45995962619781494,
            "2": 0.43353042006492615,
            "3": 0.3863627016544342
        },
        "1": {
            "0": 0.538825511932373,
            "1": 0.8990200757980347,
            "2": 0.440462589263916,
            "3": 0.6281077861785889
        },
        "2": {
            "0": 0.539803683757782,
            "1": 0.4488220810890198,
            "2": 0.9034316539764404,
            "3": 0.6201096177101135
        },
        "3": {
            "0": 0.41537612676620483,
            "1": 0.5892156362533569,
            "2": 0.6710249185562134,
            "3": 0.9001624584197998
        }
    }
}