{
    "confidence_score": 0.6751850843429565,
    "ptm": 0.44961100816726685,
    "iptm": 0.31886348128318787,
    "ligand_iptm": 0.0,
    "protein_iptm": 0.31886348128318787,
    "complex_plddt": 0.7642654776573181,
    "complex_iplddt": 0.7171390652656555,
    "complex_pde": 1.6257829666137695,
    "complex_ipde": 15.890660285949707,
    "chains_ptm": {
        "0": 0.6558687686920166,
        "1": 0.8649742603302002,
        "2": 0.8715158700942993,
        "3": 0.8684366941452026
    },
    "pair_chains_iptm": {
        "0": {
            "0": 0.6558687686920166,
            "1": 0.2641943097114563,
            "2": 0.30989688634872437,
            "3": 0.31463730335235596
        },
        "1": {
            "0": 0.27741479873657227,
            "1": 0.8649742603302002,
            "2": 0.378880113363266,
            "3": 0.37030476331710815
        },
        "2": {
            "0": 0.3675994277000427,
            "1": 0.3766137361526489,
            "2": 0.8715158700942993,
            "3": 0.2836277484893799
        },
        "3": {
            "0": 0.3636590838432312,
            "1": 0.38348302245140076,
            "2": 0.2861158847808838,
            "3": 0.8684366941452026
        }
    }
}