{
  "B1_L24_in_ring_s1": {
    "confidence_score": 0.6751850843429565,
    "ptm": 0.44961100816726685,
    "iptm": 0.31886348128318787,
    "ligand_iptm": 0.0,
    "protein_iptm": 0.31886348128318787,
    "complex_plddt": 0.7642654776573181,
    "complex_iplddt": 0.7171390652656555,
    "complex_pde": 1.6257829666137695,
    "complex_ipde": 15.890660285949707,
    "chains_ptm": {
      "0": 0.6558687686920166,
      "1": 0.8649742603302002,
      "2": 0.8715158700942993,
      "3": 0.8684366941452026
    },
    "pair_chains_iptm": {
      "0": {
        "0": 0.6558687686920166,
        "1": 0.2641943097114563,
        "2": 0.30989688634872437,
        "3": 0.31463730335235596
      },
      "1": {
        "0": 0.27741479873657227,
        "1": 0.8649742603302002,
        "2": 0.378880113363266,
        "3": 0.37030476331710815
      },
      "2": {
        "0": 0.3675994277000427,
        "1": 0.3766137361526489,
        "2": 0.8715158700942993,
        "3": 0.2836277484893799
      },
      "3": {
        "0": 0.3636590838432312,
        "1": 0.38348302245140076,
        "2": 0.2861158847808838,
        "3": 0.8684366941452026
      }
    }
  },
  "B1_L32_in_ring_s1": {
    "confidence_score": 0.6862744092941284,
    "ptm": 0.4769338369369507,
    "iptm": 0.36316171288490295,
    "ligand_iptm": 0.0,
    "protein_iptm": 0.36316171288490295,
    "complex_plddt": 0.7670525312423706,
    "complex_iplddt": 0.7211210131645203,
    "complex_pde": 1.5935090780258179,
    "complex_ipde": 14.900964736938477,
    "chains_ptm": {
      "0": 0.6677547097206116,
      "1": 0.8728102445602417,
      "2": 0.8720289468765259,
      "3": 0.8630867600440979
    },
    "pair_chains_iptm": {
      "0": {
        "0": 0.6677547097206116,
        "1": 0.3528318405151367,
        "2": 0.3447045385837555,
        "3": 0.3043240010738373
      },
      "1": {
        "0": 0.4292605221271515,
        "1": 0.8728102445602417,
        "2": 0.3275024890899658,
        "3": 0.4032065272331238
      },
      "2": {
        "0": 0.3837313950061798,
        "1": 0.32915812730789185,
        "2": 0.8720289468765259,
        "3": 0.4342465102672577
      },
      "3": {
        "0": 0.3198712468147278,
        "1": 0.4219062924385071,
        "2": 0.42658132314682007,
        "3": 0.8630867600440979
      }
    }
  },
  "B1_L40_in_ring_s1": {
    "confidence_score": 0.6837501525878906,
    "ptm": 0.5589592456817627,
    "iptm": 0.47696030139923096,
    "ligand_iptm": 0.0,
    "protein_iptm": 0.47696030139923096,
    "complex_plddt": 0.7354475855827332,
    "complex_iplddt": 0.6854638457298279,
    "complex_pde": 1.3199659585952759,
    "complex_ipde": 12.384586334228516,
    "chains_ptm": {
      "0": 0.7132017016410828,
      "1": 0.8990200757980347,
      "2": 0.9034316539764404,
      "3": 0.9001624584197998
    },
    "pair_chains_iptm": {
      "0": {
        "0": 0.7132017016410828,
        "1": 0.45995962619781494,
        "2": 0.43353042006492615,
        "3": 0.3863627016544342
      },
      "1": {
        "0": 0.538825511932373,
        "1": 0.8990200757980347,
        "2": 0.440462589263916,
        "3": 0.6281077861785889
      },
      "2": {
        "0": 0.539803683757782,
        "1": 0.4488220810890198,
        "2": 0.9034316539764404,
        "3": 0.6201096177101135
      },
      "3": {
        "0": 0.41537612676620483,
        "1": 0.5892156362533569,
        "2": 0.6710249185562134,
        "3": 0.9001624584197998
      }
    }
  }
}