{
    "confidence_score": 0.6887523531913757,
    "ptm": 0.447541743516922,
    "iptm": 0.0,
    "ligand_iptm": 0.0,
    "protein_iptm": 0.0,
    "complex_plddt": 0.749055027961731,
    "complex_iplddt": 0.749055027961731,
    "complex_pde": 1.4651556015014648,
    "complex_ipde": 0.0,
    "chains_ptm": {
        "0": 0.447541743516922
    },
    "pair_chains_iptm": {
        "0": {
            "0": 0.447541743516922
        }
    }
}