{
    "confidence_score": 0.6868565678596497,
    "ptm": 0.4969247877597809,
    "iptm": 0.0,
    "ligand_iptm": 0.0,
    "protein_iptm": 0.0,
    "complex_plddt": 0.7343394756317139,
    "complex_iplddt": 0.7343394756317139,
    "complex_pde": 1.265045404434204,
    "complex_ipde": 0.0,
    "chains_ptm": {
        "0": 0.4969247877597809
    },
    "pair_chains_iptm": {
        "0": {
            "0": 0.4969247877597809
        }
    }
}