{
    "confidence_score": 0.6807686686515808,
    "ptm": 0.4722824990749359,
    "iptm": 0.0,
    "ligand_iptm": 0.0,
    "protein_iptm": 0.0,
    "complex_plddt": 0.7328901886940002,
    "complex_iplddt": 0.7328901886940002,
    "complex_pde": 1.308570146560669,
    "complex_ipde": 0.0,
    "chains_ptm": {
        "0": 0.4722824990749359
    },
    "pair_chains_iptm": {
        "0": {
            "0": 0.4722824990749359
        }
    }
}