{
    "confidence_score": 0.6746712923049927,
    "ptm": 0.4738301932811737,
    "iptm": 0.0,
    "ligand_iptm": 0.0,
    "protein_iptm": 0.0,
    "complex_plddt": 0.7248815298080444,
    "complex_iplddt": 0.7248815298080444,
    "complex_pde": 1.454971194267273,
    "complex_ipde": 0.0,
    "chains_ptm": {
        "0": 0.4738301932811737
    },
    "pair_chains_iptm": {
        "0": {
            "0": 0.4738301932811737
        }
    }
}