#"Step","Time (ps)","Potential Energy (kJ/mole)","Temperature (K)","Speed (ns/day)"
1250,4.9999999999998925,-221132.50903320312,300.7372471798471,0
2500,9.999999999999343,-222001.6962890625,301.06049782153013,30.8
3750,14.999999999998792,-222251.1259765625,300.1948774315126,30.8
5000,20.000000000000018,-222433.2080078125,300.8657642896023,30.8
