{
  "system": "C",
  "n_frames": 50,
  "t_total_ns": 0.98,
  "ca_rmsd_final": 2.875427007675171,
  "ca_rmsd_mean_last20pct": 2.8104870319366455,
  "iface_dist_t0": [
    5.362050533294678,
    5.328800201416016,
    6.692147254943848,
    4.3889479637146,
    3.05112886428833
  ],
  "iface_dist_final": [
    2.7644619941711426,
    3.0262131690979004,
    6.088745594024658,
    6.079075813293457,
    6.665006160736084
  ],
  "iface_dist_mean_last20pct": [
    2.983927011489868,
    3.391274404525757,
    5.753093194961548,
    7.08691668510437,
    8.06433138847351
  ],
  "n_engaged_t0": 5,
  "n_engaged_final": 5,
  "n_engaged_mean_last20pct": 4.5,
  "radius_CV_t0": 0.021673034876585007,
  "radius_CV_final": 0.004734621848911047,
  "radius_CV_mean_last20pct": 0.00860732509754598,
  "planarity_t0": 0.2259063422679901,
  "planarity_final": 0.5313918590545654,
  "rmsf_mean": 1.130971908569336,
  "rmsf_max": 4.114775657653809
}