{
  "ranked": [
    "de_M307W_K56F",
    "de_M307W",
    "de_M307W_Q222F",
    "de_M307W_N128F",
    "de_M307W_L289W",
    "de_M307W_V100W",
    "de_M307W_V100F",
    "de_M307W_N128W",
    "de_M307W_S99W",
    "de_M307W_S127W",
    "de_M307W_L289P",
    "de_M307W_Q222W",
    "de_M307W_S127F",
    "de_M307W_L289F",
    "de_M307W_S99F",
    "de_M307W_I130F",
    "de_M307W_K56W",
    "de_M307W_I130W",
    "de_M307W_S127Y"
  ],
  "top3": [
    "de_M307W_K56F",
    "de_M307W",
    "de_M307W_Q222F"
  ],
  "noise": {
    "coord": 0.06353055286129973,
    "force": 0.014616449272323133,
    "grip": 0.0625,
    "soft": 0.008738750489109074
  },
  "wt": {
    "coord": 0.002062,
    "force": 4.7686,
    "grip": 80,
    "soft": 0.7667
  },
  "passers": [
    "de_M307W_K56W",
    "de_M307W_L289F",
    "de_M307W_S99W",
    "de_M307W_N128W",
    "de_M307W",
    "de_M307W_Q222F",
    "de_M307W_S127W",
    "de_M307W_V100F",
    "de_M307W_L289W",
    "de_M307W_K56F",
    "de_M307W_L289P",
    "de_M307W_N128F",
    "de_M307W_S99F",
    "de_M307W_S127F",
    "de_M307W_I130F",
    "de_M307W_V100W",
    "de_M307W_Q222W"
  ],
  "weights": {
    "coord": 0.3,
    "force": 0.3,
    "grip": 0.2,
    "soft": 0.2
  },
  "thresholds": {
    "POCKET_MAX": 2.0,
    "SOFT_MIN": 0.85
  },
  "per_variant": {
    "de_M307W_K56W": {
      "power_score": -1.417928048073012,
      "gains": {
        "coord": -0.06401551891367602,
        "force": -0.06410686574676003,
        "grip": -0.0125,
        "soft": -0.09416981870353468
      },
      "soft_ret": 0.9058301812964653,
      "pocket": 0.592,
      "gate": {
        "G1_M1": true,
        "G2_M2": true,
        "G3_M5": true,
        "G4_soft": true,
        "G5_biochem": true
      },
      "severe_hit": [],
      "tolerant_hit": [
        56
      ],
      "muts": "M307W_K56W",
      "flag": "",
      "metrics": {
        "prs_ATP_NN_coupling": 0.00193,
        "len_ATP_Y129_DNA": 5.0743,
        "DNA_inward_total": 79,
        "breathing_top20": 0.6945
      }
    },
    "de_M307W_L289F": {
      "power_score": -0.4676414564602591,
      "gains": {
        "coord": -0.11154219204655672,
        "force": 0.017929790714255878,
        "grip": -0.05,
        "soft": 0.008217034041998137
      },
      "soft_ret": 1.008217034041998,
      "pocket": 0.342,
      "gate": {
        "G1_M1": true,
        "G2_M2": true,
        "G3_M5": true,
        "G4_soft": true,
        "G5_biochem": true
      },
      "severe_hit": [],
      "tolerant_hit": [],
      "muts": "M307W_L289F",
      "flag": "",
      "metrics": {
        "prs_ATP_NN_coupling": 0.001832,
        "len_ATP_Y129_DNA": 4.6831,
        "DNA_inward_total": 76,
        "breathing_top20": 0.773
      }
    },
    "de_M307W_S99W": {
      "power_score": -0.00906849129444863,
      "gains": {
        "coord": -0.038312318137730395,
        "force": 0.011198255253114098,
        "grip": 0.0,
        "soft": -0.018260075648884846
      },
      "soft_ret": 0.9817399243511151,
      "pocket": 0.537,
      "gate": {
        "G1_M1": true,
        "G2_M2": true,
        "G3_M5": true,
        "G4_soft": true,
        "G5_biochem": true
      },
      "severe_hit": [],
      "tolerant_hit": [
        99
      ],
      "muts": "M307W_S99W",
      "flag": "",
      "metrics": {
        "prs_ATP_NN_coupling": 0.001983,
        "len_ATP_Y129_DNA": 4.7152,
        "DNA_inward_total": 80,
        "breathing_top20": 0.7527
      }
    },
    "de_M307W_N128W": {
      "power_score": 0.08746156364718918,
      "gains": {
        "coord": -0.055286129970902015,
        "force": 0.0009646437109424018,
        "grip": 0.0,
        "soft": 0.04017216642754655
      },
      "soft_ret": 1.0401721664275465,
      "pocket": 0.353,
      "gate": {
        "G1_M1": true,
        "G2_M2": true,
        "G3_M5": true,
        "G4_soft": true,
        "G5_biochem": true
      },
      "severe_hit": [],
      "tolerant_hit": [
        128
      ],
      "muts": "M307W_N128W",
      "flag": "",
      "metrics": {
        "prs_ATP_NN_coupling": 0.001948,
        "len_ATP_Y129_DNA": 4.764,
        "DNA_inward_total": 80,
        "breathing_top20": 0.7975
      }
    },
    "de_M307W": {
      "power_score": 0.7732695510693401,
      "gains": {
        "coord": 0.06353055286129973,
        "force": 0.034685232563016394,
        "grip": -0.025,
        "soft": -0.017347071866440706
      },
      "soft_ret": 0.9826529281335593,
      "pocket": 0.542,
      "gate": {
        "G1_M1": true,
        "G2_M2": true,
        "G3_M5": true,
        "G4_soft": true,
        "G5_biochem": true
      },
      "severe_hit": [],
      "tolerant_hit": [],
      "muts": "M307W",
      "flag": "background",
      "metrics": {
        "prs_ATP_NN_coupling": 0.002193,
        "len_ATP_Y129_DNA": 4.6032,
        "DNA_inward_total": 78,
        "breathing_top20": 0.7534
      }
    },
    "de_M307W_Q222F": {
      "power_score": 0.6459110361201422,
      "gains": {
        "coord": 0.029097963142580095,
        "force": 0.03353185421297663,
        "grip": -0.0375,
        "soft": 0.011477761836441787
      },
      "soft_ret": 1.011477761836442,
      "pocket": 0.585,
      "gate": {
        "G1_M1": true,
        "G2_M2": true,
        "G3_M5": true,
        "G4_soft": true,
        "G5_biochem": true
      },
      "severe_hit": [],
      "tolerant_hit": [
        222
      ],
      "muts": "M307W_Q222F",
      "flag": "",
      "metrics": {
        "prs_ATP_NN_coupling": 0.002122,
        "len_ATP_Y129_DNA": 4.6087,
        "DNA_inward_total": 77,
        "breathing_top20": 0.7755
      }
    },
    "de_M307W_I130W": {
      "power_score": null,
      "gains": {
        "coord": 0.08777885548011648,
        "force": 0.012183869479511908,
        "grip": 0.0,
        "soft": -0.5796269727403157
      },
      "soft_ret": 0.4203730272596843,
      "pocket": 0.593,
      "gate": {
        "G1_M1": true,
        "G2_M2": true,
        "G3_M5": true,
        "G4_soft": false,
        "G5_biochem": true
      },
      "severe_hit": [],
      "tolerant_hit": [],
      "muts": "M307W_I130W",
      "flag": "",
      "metrics": {
        "prs_ATP_NN_coupling": 0.002243,
        "len_ATP_Y129_DNA": 4.7105,
        "DNA_inward_total": 80,
        "breathing_top20": 0.3223
      }
    },
    "de_M307W_S127W": {
      "power_score": -0.08941875393311159,
      "gains": {
        "coord": 0.017458777885548015,
        "force": -0.05928364719204802,
        "grip": 0.0625,
        "soft": -0.009390896047998037
      },
      "soft_ret": 0.990609103952002,
      "pocket": 0.369,
      "gate": {
        "G1_M1": true,
        "G2_M2": true,
        "G3_M5": true,
        "G4_soft": true,
        "G5_biochem": true
      },
      "severe_hit": [],
      "tolerant_hit": [
        127
      ],
      "muts": "M307W_S127W",
      "flag": "",
      "metrics": {
        "prs_ATP_NN_coupling": 0.002098,
        "len_ATP_Y129_DNA": 5.0513,
        "DNA_inward_total": 85,
        "breathing_top20": 0.7595
      }
    },
    "de_M307W_V100F": {
      "power_score": 0.13510859521946872,
      "gains": {
        "coord": 0.04073714839961196,
        "force": 0.028163402256427574,
        "grip": -0.1,
        "soft": -0.03782444241554718
      },
      "soft_ret": 0.9621755575844528,
      "pocket": 0.594,
      "gate": {
        "G1_M1": true,
        "G2_M2": true,
        "G3_M5": true,
        "G4_soft": true,
        "G5_biochem": true
      },
      "severe_hit": [],
      "tolerant_hit": [],
      "muts": "M307W_V100F",
      "flag": "",
      "metrics": {
        "prs_ATP_NN_coupling": 0.002146,
        "len_ATP_Y129_DNA": 4.6343,
        "DNA_inward_total": 72,
        "breathing_top20": 0.7377
      }
    },
    "de_M307W_S127Y": {
      "power_score": null,
      "gains": {
        "coord": -0.03394762366634344,
        "force": -0.06268087069580164,
        "grip": 0.0625,
        "soft": -0.4308073562019043
      },