name,muts,pass_all,STACKS,stacks_coord,stacks_force,d_coord_vs_M307W,d_force_vs_M307W,coord_noise,force_noise,soft_retention,gain_coord_vs_WT,gain_force_vs_WT,prs_ATP_NN_coupling,len_ATP_Y129_DNA,gates_failed
de_M307W_Q222F,M307W_Q222F,True,False,False,False,-0.0324,-0.0012,0.0635,0.0146,1.0115,0.0291,0.0335,0.002122,4.6087,none
de_M307W_L289W,M307W_L289W,True,False,False,False,-0.0082,-0.0163,0.0635,0.0146,0.9888,0.0548,0.019,0.002175,4.6782,none
de_M307W_K56F,M307W_K56F,True,False,False,False,-0.0588,-0.0049,0.0635,0.0146,1.0489,0.001,0.03,0.002064,4.6257,none
de_M307W_V100F,M307W_V100F,True,False,False,False,-0.0214,-0.0068,0.0635,0.0146,0.9622,0.0407,0.0282,0.002146,4.6343,none
de_M307W_S127W,M307W_S127W,True,False,False,False,-0.0433,-0.0973,0.0635,0.0146,0.9906,0.0175,-0.0593,0.002098,5.0513,none
de_M307W_V100W,M307W_V100W,True,False,False,False,-0.0497,-0.0438,0.0635,0.0146,1.0322,0.0107,-0.0076,0.002084,4.8048,none
de_M307W_L289P,M307W_L289P,True,False,False,False,-0.0707,-0.0376,0.0635,0.0146,0.9767,-0.0116,-0.0016,0.002038,4.7764,none
de_M307W_L289F,M307W_L289F,True,False,False,False,-0.1646,-0.0174,0.0635,0.0146,1.0082,-0.1115,0.0179,0.001832,4.6831,none
de_M307W_S99F,M307W_S99F,True,False,False,False,-0.0921,-0.0517,0.0635,0.0146,0.9751,-0.0344,-0.0152,0.001991,4.8411,none
de_M307W_N128F,M307W_N128F,True,False,False,False,-0.0948,-0.0246,0.0635,0.0146,1.0736,-0.0373,0.0109,0.001985,4.7164,none
de_M307W_S99W,M307W_S99W,True,False,False,False,-0.0958,-0.0243,0.0635,0.0146,0.9817,-0.0383,0.0112,0.001983,4.7152,none
de_M307W_S127F,M307W_S127F,True,False,False,False,-0.1021,-0.0646,0.0635,0.0146,0.9635,-0.0451,-0.0277,0.001969,4.9006,none
de_M307W_Q222W,M307W_Q222W,True,False,False,False,-0.1062,-0.0506,0.0635,0.0146,0.9953,-0.0495,-0.0141,0.00196,4.8359,none
de_M307W_N128W,M307W_N128W,True,False,False,False,-0.1117,-0.0349,0.0635,0.0146,1.0402,-0.0553,0.001,0.001948,4.764,none
de_M307W_K56W,M307W_K56W,True,False,False,False,-0.1199,-0.1023,0.0635,0.0146,0.9058,-0.064,-0.0641,0.00193,5.0743,none
de_M307W_I130F,M307W_I130F,True,False,False,False,-0.1363,-0.0381,0.0635,0.0146,0.9892,-0.0815,-0.0021,0.001894,4.7787,none
de_M307W_I130W,M307W_I130W,False,False,False,False,0.0228,-0.0233,0.0635,0.0146,0.4204,0.0878,0.0122,0.002243,4.7105,G4_soft
de_M307W_S127Y,M307W_S127Y,False,False,False,False,-0.0917,-0.1009,0.0635,0.0146,0.5692,-0.0339,-0.0627,0.001992,5.0675,G4_soft
