{
  "k_eff": 4248.299999999999,
  "n_fwd": 24,
  "n_rev": 0,
  "forward": {
    "G_P": 2.4870132007132533,
    "G_H": 83.78944605518649,
    "dG_H_minus_P": 81.30243285447324,
    "barrier": 62.01538203295898,
    "xi_barrier": 0.8909767610540412
  },
  "coupling": {
    "n_engaged_at_P": 5.0,
    "n_engaged_at_H": 4.99,
    "n_engaged_min": 4.793333333333333
  },
  "pathway": {
    "per_subunit_half_xi": [
      0.5013609429502367,
      0.5013609429502367,
      0.656646461617058,
      0.45198773861104524,
      0.5013609429502367
    ],
    "half_xi_spread": 0.20465872300601273,
    "travel_A": [
      -2.64,
      -1.53,
      -0.05,
      1.6,
      2.62
    ]
  }
}