{
  "native_ring_s1": {
    "confidence_score": 0.7060770392417908,
    "ptm": 0.5899017453193665,
    "iptm": 0.5108051300048828,
    "ligand_iptm": 0.0,
    "protein_iptm": 0.5108051300048828,
    "complex_plddt": 0.7548949718475342,
    "complex_iplddt": 0.7073503136634827,
    "complex_pde": 1.1364104747772217,
    "complex_ipde": 11.369970321655273,
    "chains_ptm": {
      "0": 0.9130979776382446,
      "1": 0.91372150182724,
      "2": 0.9135804772377014,
      "3": 0.913207471370697,
      "4": 0.9088675379753113
    },
    "pair_chains_iptm": {
      "0": {
        "0": 0.9130979776382446,
        "1": 0.6572228670120239,
        "2": 0.4644767940044403,
        "3": 0.43123966455459595,
        "4": 0.5304930210113525
      },
      "1": {
        "0": 0.6233950853347778,
        "1": 0.91372150182724,
        "2": 0.6388543844223022,
        "3": 0.45704635977745056,
        "4": 0.435528963804245
      },
      "2": {
        "0": 0.46572500467300415,
        "1": 0.5985627770423889,
        "2": 0.9135804772377014,
        "3": 0.6554416418075562,
        "4": 0.46147987246513367
      },
      "3": {
        "0": 0.43716496229171753,
        "1": 0.45947250723838806,
        "2": 0.5974231362342834,
        "3": 0.913207471370697,
        "4": 0.6776780486106873
      },
      "4": {
        "0": 0.5767551064491272,
        "1": 0.4232425093650818,
        "2": 0.4604620039463043,
        "3": 0.6051950454711914,
        "4": 0.9088675379753113
      }
    }
  }
}