#"Step","Time (ps)","Potential Energy (kJ/mole)","Temperature (K)","Speed (ns/day)"
1250,4.9999999999998925,-226971.3251953125,299.0709763599371,0
2500,9.999999999999343,-227160.16845703125,304.4384095766505,29.8
3750,14.999999999998792,-227478.85693359375,300.3796165411425,29.8
5000,20.000000000000018,-226918.560546875,303.18645176739966,29.9
