{
  "system": "B",
  "n_frames": 100,
  "t_total_ns": 1.98,
  "ca_rmsd_final": 4.087746620178223,
  "ca_rmsd_mean_last20pct": 4.133213520050049,
  "iface_dist_t0": [
    10.247978210449219,
    4.140108108520508,
    3.86377215385437,
    3.1717710494995117,
    24.143754959106445
  ],
  "iface_dist_final": [
    13.1390380859375,
    5.017189979553223,
    3.182527542114258,
    3.629114866256714,
    20.861797332763672
  ],
  "iface_dist_mean_last20pct": [
    13.957892751693725,
    4.288072180747986,
    3.2773091912269594,
    3.090608036518097,
    20.26550464630127
  ],
  "n_engaged_t0": 3,
  "n_engaged_final": 3,
  "n_engaged_mean_last20pct": 3.0,
  "radius_CV_t0": 0.03565787523984909,
  "radius_CV_final": 0.04554028436541557,
  "radius_CV_mean_last20pct": 0.052078255265951154,
  "planarity_t0": 1.7603468894958496,
  "planarity_final": 2.924806833267212,
  "rmsf_mean": 1.5243586301803589,
  "rmsf_max": 6.70078182220459
}