{
    "confidence_score": 0.7650845646858215,
    "ptm": 0.680339515209198,
    "iptm": 0.0,
    "ligand_iptm": 0.0,
    "protein_iptm": 0.0,
    "complex_plddt": 0.786270797252655,
    "complex_iplddt": 0.786270797252655,
    "complex_pde": 0.9746598601341248,
    "complex_ipde": 0.0,
    "chains_ptm": {
        "0": 0.680339515209198
    },
    "pair_chains_iptm": {
        "0": {
            "0": 0.680339515209198
        }
    }
}