{
    "confidence_score": 0.7724214792251587,
    "ptm": 0.7206827998161316,
    "iptm": 0.0,
    "ligand_iptm": 0.0,
    "protein_iptm": 0.0,
    "complex_plddt": 0.7853561043739319,
    "complex_iplddt": 0.7853561043739319,
    "complex_pde": 0.9790272116661072,
    "complex_ipde": 0.0,
    "chains_ptm": {
        "0": 0.7206827998161316
    },
    "pair_chains_iptm": {
        "0": {
            "0": 0.7206827998161316
        }
    }
}