{
    "confidence_score": 0.7679386138916016,
    "ptm": 0.6928528547286987,
    "iptm": 0.0,
    "ligand_iptm": 0.0,
    "protein_iptm": 0.0,
    "complex_plddt": 0.7867100834846497,
    "complex_iplddt": 0.7867100834846497,
    "complex_pde": 0.859396755695343,
    "complex_ipde": 0.0,
    "chains_ptm": {
        "0": 0.6928528547286987
    },
    "pair_chains_iptm": {
        "0": {
            "0": 0.6928528547286987
        }
    }
}