{
  "native_monomer": {
    "a3m": "uniref.a3m",
    "msa_depth": 212
  },
  "CP228_monomer": {
    "confidence_score": 0.7679386138916016,
    "ptm": 0.6928528547286987,
    "iptm": 0.0,
    "ligand_iptm": 0.0,
    "protein_iptm": 0.0,
    "complex_plddt": 0.7867100834846497,
    "complex_iplddt": 0.7867100834846497,
    "complex_pde": 0.859396755695343,
    "complex_ipde": 0.0,
    "chains_ptm": {
      "0": 0.6928528547286987
    },
    "pair_chains_iptm": {
      "0": {
        "0": 0.6928528547286987
      }
    }
  },
  "CP233_monomer": {
    "confidence_score": 0.774580717086792,
    "ptm": 0.7043110728263855,
    "iptm": 0.0,
    "ligand_iptm": 0.0,
    "protein_iptm": 0.0,
    "complex_plddt": 0.7921481132507324,
    "complex_iplddt": 0.7921481132507324,
    "complex_pde": 0.8850532174110413,
    "complex_ipde": 0.0,
    "chains_ptm": {
      "0": 0.7043110728263855
    },
    "pair_chains_iptm": {
      "0": {
        "0": 0.7043110728263855
      }
    }
  },
  "CP217_monomer": {
    "confidence_score": 0.7724214792251587,
    "ptm": 0.7206827998161316,
    "iptm": 0.0,
    "ligand_iptm": 0.0,
    "protein_iptm": 0.0,
    "complex_plddt": 0.7853561043739319,
    "complex_iplddt": 0.7853561043739319,
    "complex_pde": 0.9790272116661072,
    "complex_ipde": 0.0,
    "chains_ptm": {
      "0": 0.7206827998161316
    },
    "pair_chains_iptm": {
      "0": {
        "0": 0.7206827998161316
      }
    }
  },
  "CP205_monomer": {
    "confidence_score": 0.7650845646858215,
    "ptm": 0.680339515209198,
    "iptm": 0.0,
    "ligand_iptm": 0.0,
    "protein_iptm": 0.0,
    "complex_plddt": 0.786270797252655,
    "complex_iplddt": 0.786270797252655,
    "complex_pde": 0.9746598601341248,
    "complex_ipde": 0.0,
    "chains_ptm": {
      "0": 0.680339515209198
    },
    "pair_chains_iptm": {
      "0": {
        "0": 0.680339515209198
      }
    }
  }
}