#"Step","Time (ps)","Potential Energy (kJ/mole)","Temperature (K)","Speed (ns/day)"
5000,20.000000000000018,-227608.2503028045,299.5037153538291,0
10000,39.99999999999959,-227245.4315036544,301.9279036446269,146
15000,59.9999999999885,-227643.33965766313,299.54624882163256,146
20000,80.00000000000584,-227459.14498540823,303.71812638141995,146
25000,100.00000000003028,-228105.98600481515,298.80036621461136,146
