{
  "system": "A",
  "n_frames": 150,
  "t_total_ns": 2.98,
  "ca_rmsd_final": 1.8325387239456177,
  "ca_rmsd_mean_last20pct": 1.8359379768371582,
  "iface_dist_t0": [
    4.381810188293457,
    5.600937843322754,
    6.138088226318359,
    4.311074256896973,
    3.9501404762268066
  ],
  "iface_dist_final": [
    3.2551159858703613,
    6.717243194580078,
    4.492753505706787,
    4.043237686157227,
    3.6706018447875977
  ],
  "iface_dist_mean_last20pct": [
    3.566666587193807,
    4.6917493422826135,
    4.862346665064494,
    4.0890200932820635,
    3.8167917172114056
  ],
  "n_engaged_t0": 5,
  "n_engaged_final": 5,
  "n_engaged_mean_last20pct": 5.0,
  "radius_CV_t0": 0.013404497876763344,
  "radius_CV_final": 0.004704055842012167,
  "radius_CV_mean_last20pct": 0.006355507920185725,
  "planarity_t0": 0.15539605915546417,
  "planarity_final": 0.13470326364040375,
  "rmsf_mean": 1.0063927173614502,
  "rmsf_max": 3.1938724517822266
}